"","2008","2007","2011","2012","2010","2004","2013","2002","2003","2005","2014","2009","2006"
"1",0,0,0,8.51211643454105,0,0,0,11.4610658902386,0,0,4.01648792665528,0,0
"2",0,0,3.34390947415651,8.51211643454105,0,0,0,11.4610658902386,0,10.2126096313722,4.01648792665528,0,0
"3",0,0,7.47647734589823,11.0639728557768,3.37432042603424,0,2.3636750009252,11.4610658902386,0,15.1250455841891,4.01648792665528,5.41629085714549,2.30806458201644
"4",0,0,11.0514881321911,17.2427132157052,3.37432042603424,0,2.3636750009252,11.4610658902386,3.89658157183578,15.1250455841891,4.01648792665528,5.41629085714549,2.30806458201644
"5",0,0,13.6623033437431,17.2427132157052,3.37432042603424,0,7.66105453044158,23.8287223341527,3.89658157183578,18.9358625719965,4.01648792665528,5.41629085714549,2.30806458201644
"6",0,0,13.6623033437431,17.2427132157052,3.37432042603424,0,7.66105453044158,23.8287223341527,9.71638516380839,18.9358625719965,13.2670978773204,5.41629085714549,2.30806458201644
"7",8.59901811530648,2.22548145260175,13.6623033437431,17.2427132157052,3.37432042603424,0,7.66105453044158,23.8287223341527,9.71638516380839,18.9358625719965,13.2670978773204,5.41629085714549,5.24629818671604
"8",11.4797449696417,5.23767119778466,13.6623033437431,17.2427132157052,3.37432042603424,0,7.66105453044158,23.8287223341527,9.71638516380839,22.0459188283495,13.2670978773204,5.41629085714549,5.24629818671604
"9",11.4797449696417,5.23767119778466,13.6623033437431,17.2427132157052,3.37432042603424,0,11.0814749560888,23.8287223341527,12.5057338718121,22.0459188283495,13.2670978773204,5.41629085714549,5.24629818671604
"10",11.4797449696417,5.23767119778466,13.6623033437431,17.2427132157052,18.5659383329441,0,11.0814749560888,23.8287223341527,12.5057338718121,22.0459188283495,17.2406316111175,5.41629085714549,7.64192982028268
"11",11.4797449696417,8.17014220458555,24.8293826521446,17.2427132157052,18.5659383329441,2.62645710813966,11.0814749560888,26.2573002739917,12.5057338718121,25.0496195041346,17.2406316111175,5.41629085714549,7.64192982028268
"12",11.4797449696417,8.17014220458555,24.8293826521446,17.2427132157052,18.5659383329441,5.06124485240962,11.0814749560888,26.2573002739917,12.5057338718121,25.0496195041346,17.2406316111175,5.41629085714549,9.93964780212224
"13",11.4797449696417,10.7746905040908,24.8293826521446,20.7259679054498,18.5659383329441,7.83259924993074,11.0814749560888,26.2573002739917,12.5057338718121,25.0496195041346,21.2694813378877,5.41629085714549,15.0226976487408
"14",11.4797449696417,10.7746905040908,24.8293826521446,20.7259679054498,18.5659383329441,7.83259924993074,14.7206226732357,26.2573002739917,12.5057338718121,25.0496195041346,21.2694813378877,5.41629085714549,17.6964975868696
"15",11.4797449696417,10.7746905040908,28.1081750002596,20.7259679054498,18.5659383329441,7.83259924993074,19.8709877030863,26.2573002739917,12.5057338718121,25.0496195041346,28.6899200045469,22.2522738011321,17.6964975868696
"16",13.7480893920398,14.3855662591556,28.1081750002596,27.3172770614922,18.5659383329441,7.83259924993074,19.8709877030863,26.2573002739917,12.5057338718121,25.0496195041346,28.6899200045469,22.2522738011321,17.6964975868696
"17",13.7480893920398,14.3855662591556,38.2289246599588,32.7464440876447,18.5659383329441,7.83259924993074,19.8709877030863,26.2573002739917,15.4064057038393,25.0496195041346,28.6899200045469,22.2522738011321,17.6964975868696
"18",16.2827948263909,17.3730328943107,44.8214457443581,32.7464440876447,22.3740659461801,7.83259924993074,19.8709877030863,26.2573002739917,19.350134606957,25.0496195041346,31.488615495786,22.2522738011321,24.3898463487274
"19",20.9151377111474,17.3730328943107,44.8214457443581,32.7464440876447,22.3740659461801,12.5472317537651,19.8709877030863,26.2573002739917,19.350134606957,25.0496195041346,31.488615495786,22.2522738011321,24.3898463487274
"20",20.9151377111474,17.3730328943107,44.8214457443581,32.7464440876447,22.3740659461801,12.5472317537651,19.8709877030863,26.2573002739917,19.350134606957,25.0496195041346,36.0054923341709,22.2522738011321,24.3898463487274
"21",20.9151377111474,17.3730328943107,44.8214457443581,32.7464440876447,22.3740659461801,12.5472317537651,24.3866686593138,26.2573002739917,19.350134606957,25.0496195041346,38.6683102434324,22.2522738011321,24.3898463487274
"22",20.9151377111474,19.7501972155397,44.8214457443581,32.7464440876447,22.3740659461801,12.5472317537651,24.3866686593138,30.1313095775205,19.350134606957,25.0496195041346,38.6683102434324,22.2522738011321,24.3898463487274
"23",20.9151377111474,19.7501972155397,48.4315679219633,32.7464440876447,22.3740659461801,12.5472317537651,24.3866686593138,34.7435455526485,19.350134606957,25.0496195041346,38.6683102434324,22.2522738011321,24.3898463487274
"24",20.9151377111474,19.7501972155397,52.8858125597563,32.7464440876447,22.3740659461801,12.5472317537651,24.3866686593138,34.7435455526485,19.350134606957,25.0496195041346,47.0905371330524,22.2522738011321,24.3898463487274
"25",20.9151377111474,19.7501972155397,52.8858125597563,32.7464440876447,24.8197313251638,12.5472317537651,24.3866686593138,34.7435455526485,19.350134606957,25.0496195041346,47.0905371330524,22.2522738011321,24.3898463487274
"26",20.9151377111474,19.7501972155397,52.8858125597563,32.7464440876447,24.8197313251638,17.4022286559232,24.3866686593138,42.2131650122748,21.6796172041324,25.0496195041346,51.0658983345637,22.2522738011321,24.3898463487274
"27",20.9151377111474,19.7501972155397,52.8858125597563,32.7464440876447,24.8197313251638,17.4022286559232,24.3866686593138,42.2131650122748,28.6147953197642,25.0496195041346,61.1360469576702,22.2522738011321,24.3898463487274
"28",20.9151377111474,19.7501972155397,52.8858125597563,32.7464440876447,24.8197313251638,17.4022286559232,26.7619585697091,42.2131650122748,28.6147953197642,25.0496195041346,61.1360469576702,22.2522738011321,24.3898463487274
"29",20.9151377111474,22.451331927794,62.4255183352801,32.7464440876447,27.7826744711412,17.4022286559232,26.7619585697091,42.2131650122748,28.6147953197642,25.0496195041346,61.1360469576702,26.3871265400717,24.3898463487274
"30",24.0319340089451,24.9188436217603,66.3657793139088,32.7464440876447,27.7826744711412,17.4022286559232,30.846538169586,42.2131650122748,28.6147953197642,25.0496195041346,61.1360469576702,29.7677975392284,24.3898463487274
"31",24.0319340089451,24.9188436217603,66.3657793139088,32.7464440876447,27.7826744711412,17.4022286559232,30.846538169586,44.7310077142268,28.6147953197642,25.0496195041346,61.1360469576702,33.7109631629724,24.3898463487274
"32",24.0319340089451,24.9188436217603,66.3657793139088,37.3337446010781,27.7826744711412,17.4022286559232,30.846538169586,44.7310077142268,28.6147953197642,25.0496195041346,63.911107525897,33.7109631629724,24.3898463487274
"33",24.0319340089451,24.9188436217603,66.3657793139088,37.3337446010781,27.7826744711412,17.4022286559232,30.846538169586,44.7310077142268,28.6147953197642,25.0496195041346,63.911107525897,37.8547883215611,24.3898463487274
"34",24.0319340089451,24.9188436217603,66.3657793139088,37.3337446010781,33.9649457250736,17.4022286559232,36.4897275854169,44.7310077142268,28.6147953197642,25.0496195041346,63.911107525897,58.0855276620568,24.3898463487274
"35",24.0319340089451,29.1268151432296,66.3657793139088,37.3337446010781,33.9649457250736,17.4022286559232,36.4897275854169,44.7310077142268,28.6147953197642,30.9219762973279,63.911107525897,58.0855276620568,24.3898463487274
"36",24.0319340089451,39.0400614070721,66.3657793139088,37.3337446010781,33.9649457250736,17.4022286559232,36.4897275854169,44.7310077142268,28.6147953197642,30.9219762973279,63.911107525897,58.0855276620568,24.3898463487274
"37",24.0319340089451,39.0400614070721,66.3657793139088,37.3337446010781,33.9649457250736,17.4022286559232,36.4897275854169,44.7310077142268,28.6147953197642,30.9219762973279,66.3943802754468,58.0855276620568,24.3898463487274
"38",27.3152282844877,39.0400614070721,66.3657793139088,37.3337446010781,33.9649457250736,17.4022286559232,36.4897275854169,44.7310077142268,28.6147953197642,34.3382706253671,71.5388479747938,58.0855276620568,30.447071378844
"39",34.5317729042124,39.0400614070721,66.3657793139088,37.3337446010781,33.9649457250736,17.4022286559232,36.4897275854169,51.823741171682,28.6147953197642,34.3382706253671,76.9525184322144,58.0855276620568,30.447071378844
"40",34.5317729042124,39.0400614070721,66.3657793139088,37.3337446010781,33.9649457250736,23.2278100699466,36.4897275854169,51.823741171682,28.6147953197642,36.9883039542303,76.9525184322144,58.0855276620568,30.447071378844
"41",38.6312997690588,41.2552194083318,66.3657793139088,37.3337446010781,33.9649457250736,23.2278100699466,38.8555192459122,51.823741171682,28.6147953197642,36.9883039542303,76.9525184322144,58.0855276620568,30.447071378844
"42",38.6312997690588,44.1089671413381,66.3657793139088,37.3337446010781,33.9649457250736,23.2278100699466,42.4322083891478,51.823741171682,28.6147953197642,39.5752404086442,76.9525184322144,58.0855276620568,30.447071378844
"43",38.6312997690588,44.1089671413381,66.3657793139088,37.3337446010781,33.9649457250736,23.2278100699466,42.4322083891478,51.823741171682,28.6147953197642,39.5752404086442,76.9525184322144,58.0855276620568,30.447071378844
"44",38.6312997690588,44.1089671413381,66.3657793139088,37.3337446010781,33.9649457250736,23.2278100699466,42.4322083891478,51.823741171682,31.5604828685664,42.2083459576628,76.9525184322144,58.0855276620568,30.447071378844
"45",38.6312997690588,44.1089671413381,66.3657793139088,37.3337446010781,33.9649457250736,23.2278100699466,42.4322083891478,51.823741171682,31.5604828685664,42.2083459576628,76.9525184322144,58.0855276620568,30.447071378844
"46",38.6312997690588,44.1089671413381,66.3657793139088,43.7788003680976,33.9649457250736,23.2278100699466,42.4322083891478,51.823741171682,31.5604828685664,42.2083459576628,76.9525184322144,58.0855276620568,30.447071378844
"47",38.6312997690588,44.1089671413381,66.3657793139088,43.7788003680976,36.6688673751014,23.2278100699466,46.2967857481578,51.823741171682,31.5604828685664,42.2083459576628,76.9525184322144,58.0855276620568,30.447071378844
"48",38.6312997690588,44.1089671413381,66.3657793139088,43.7788003680976,36.6688673751014,23.2278100699466,46.2967857481578,51.823741171682,31.5604828685664,42.2083459576628,76.9525184322144,58.0855276620568,30.447071378844
"49",41.7388154827133,44.1089671413381,66.3657793139088,52.0454278427732,36.6688673751014,23.2278100699466,46.2967857481578,51.823741171682,31.5604828685664,42.2083459576628,76.9525184322144,58.0855276620568,30.447071378844
"50",44.7760004118426,44.1089671413381,66.3657793139088,52.0454278427732,36.6688673751014,23.2278100699466,46.2967857481578,51.823741171682,34.9041922677579,44.9246392845666,76.9525184322144,58.0855276620568,30.447071378844
"51",44.7760004118426,44.1089671413381,72.2933019481111,52.0454278427732,36.6688673751014,23.2278100699466,46.2967857481578,51.823741171682,34.9041922677579,48.4336124467316,76.9525184322144,58.0855276620568,30.447071378844
"52",44.7760004118426,44.1089671413381,72.2933019481111,52.0454278427732,36.6688673751014,27.693655304819,46.2967857481578,51.823741171682,34.9041922677579,48.4336124467316,83.9420571273152,58.0855276620568,30.447071378844
"53",47.4668958134902,44.1089671413381,72.2933019481111,52.0454278427732,36.6688673751014,27.693655304819,46.2967857481578,64.6201425035185,34.9041922677579,48.4336124467316,88.0617704368061,58.0855276620568,30.447071378844
"54",47.4668958134902,44.1089671413381,72.2933019481111,52.0454278427732,36.6688673751014,27.693655304819,46.2967857481578,64.6201425035185,34.9041922677579,48.4336124467316,88.0617704368061,58.0855276620568,41.2963352801121
"55",47.4668958134902,44.1089671413381,72.2933019481111,52.0454278427732,36.6688673751014,27.693655304819,46.2967857481578,64.6201425035185,37.5800054405934,48.4336124467316,88.0617704368061,58.0855276620568,41.2963352801121
"56",47.4668958134902,44.1089671413381,72.2933019481111,52.0454278427732,36.6688673751014,27.693655304819,46.2967857481578,64.6201425035185,37.5800054405934,48.4336124467316,88.0617704368061,61.1200386544166,41.2963352801121
"57",52.3950963188812,49.496836902706,72.2933019481111,52.0454278427732,46.9493834765412,32.8306706500543,49.36463993217,64.6201425035185,37.5800054405934,52.5692409391489,88.0617704368061,61.1200386544166,43.9020153061362
"58",52.3950963188812,49.496836902706,74.7317499559926,52.0454278427732,46.9493834765412,32.8306706500543,51.5990791482085,64.6201425035185,37.5800054405934,52.5692409391489,88.0617704368061,61.1200386544166,43.9020153061362
"59",54.9466767588127,49.496836902706,74.7317499559926,52.0454278427732,46.9493834765412,32.8306706500543,51.5990791482085,64.6201425035185,37.5800054405934,52.5692409391489,88.0617704368061,61.1200386544166,43.9020153061362
"60",57.9374790674666,49.496836902706,74.7317499559926,52.0454278427732,46.9493834765412,32.8306706500543,51.5990791482085,64.6201425035185,37.5800054405934,52.5692409391489,88.0617704368061,61.1200386544166,43.9020153061362
"61",57.9374790674666,49.496836902706,74.7317499559926,52.0454278427732,46.9493834765412,32.8306706500543,51.5990791482085,64.6201425035185,37.5800054405934,52.5692409391489,90.6966487851532,61.1200386544166,43.9020153061362
"62",57.9374790674666,49.496836902706,74.7317499559926,52.0454278427732,46.9493834765412,32.8306706500543,51.5990791482085,64.6201425035185,37.5800054405934,54.8031390001613,90.6966487851532,61.1200386544166,43.9020153061362
"63",57.9374790674666,49.496836902706,74.7317499559926,64.1289807432322,46.9493834765412,32.8306706500543,51.5990791482085,64.6201425035185,37.5800054405934,54.8031390001613,90.6966487851532,61.1200386544166,52.3307065421971
"64",60.4709667934817,52.6545452658008,74.7317499559926,64.1289807432322,46.9493834765412,32.8306706500543,51.5990791482085,64.6201425035185,37.5800054405934,54.8031390001613,90.6966487851532,61.1200386544166,67.4498515547993
"65",60.4709667934817,52.6545452658008,74.7317499559926,64.1289807432322,46.9493834765412,32.8306706500543,51.5990791482085,64.6201425035185,37.5800054405934,54.8031390001613,90.6966487851532,63.7990914852142,71.2197198978639
"66",60.4709667934817,52.6545452658008,74.7317499559926,64.1289807432322,46.9493834765412,32.8306706500543,51.5990791482085,64.6201425035185,37.5800054405934,54.8031390001613,90.6966487851532,63.7990914852142,71.2197198978639
"67",64.5615192429183,55.3313585587196,80.0818976743393,70.925110235047,46.9493834765412,32.8306706500543,51.5990791482085,64.6201425035185,37.5800054405934,54.8031390001613,90.6966487851532,67.9276780807236,73.4192468391181
"68",73.2929841350906,55.3313585587196,80.0818976743393,70.925110235047,46.9493834765412,37.1618851994921,51.5990791482085,64.6201425035185,37.5800054405934,54.8031390001613,90.6966487851532,67.9276780807236,73.4192468391181
"69",73.2929841350906,55.3313585587196,80.0818976743393,70.925110235047,49.4738528252092,37.1618851994921,54.0498779053255,64.6201425035185,37.5800054405934,68.7923488761768,90.6966487851532,67.9276780807236,73.4192468391181
"70",73.2929841350906,55.3313585587196,80.0818976743393,70.925110235047,49.4738528252092,37.1618851994921,54.0498779053255,64.6201425035185,37.5800054405934,71.0071316135283,90.6966487851532,67.9276780807236,73.4192468391181
"71",73.2929841350906,55.3313585587196,80.0818976743393,70.925110235047,49.4738528252092,37.1618851994921,54.0498779053255,64.6201425035185,37.5800054405934,71.0071316135283,90.6966487851532,67.9276780807236,73.4192468391181
"72",73.2929841350906,55.3313585587196,80.0818976743393,70.925110235047,49.4738528252092,37.1618851994921,54.0498779053255,66.8663638052612,37.5800054405934,71.0071316135283,93.6494932773598,67.9276780807236,73.4192468391181
"73",73.2929841350906,55.3313585587196,82.957852465612,70.925110235047,54.378708093378,37.1618851994921,54.0498779053255,66.8663638052612,42.015185869181,71.0071316135283,102.258603752087,67.9276780807236,83.3080155870632
"74",73.2929841350906,55.3313585587196,82.957852465612,70.925110235047,54.378708093378,37.1618851994921,54.0498779053255,66.8663638052612,42.015185869181,71.0071316135283,102.258603752087,67.9276780807236,83.3080155870632
"75",73.2929841350906,55.3313585587196,82.957852465612,73.4820107270115,54.378708093378,37.1618851994921,54.0498779053255,70.7263938317379,42.015185869181,76.5675722546087,102.258603752087,67.9276780807236,83.3080155870632
"76",73.2929841350906,55.3313585587196,82.957852465612,73.4820107270115,54.378708093378,37.1618851994921,54.0498779053255,70.7263938317379,42.015185869181,76.5675722546087,102.258603752087,67.9276780807236,83.3080155870632
"77",73.2929841350906,61.1762427159173,90.9022901156141,73.4820107270115,58.5602973484795,37.1618851994921,54.0498779053255,70.7263938317379,42.015185869181,76.5675722546087,102.258603752087,67.9276780807236,86.9390533320924
"78",73.2929841350906,76.8440094729555,90.9022901156141,73.4820107270115,62.5825205798711,37.1618851994921,54.0498779053255,73.7200524608523,42.015185869181,76.5675722546087,102.258603752087,71.299353846393,86.9390533320924
"79",73.2929841350906,76.8440094729555,90.9022901156141,73.4820107270115,66.1332575474377,37.1618851994921,54.0498779053255,73.7200524608523,42.015185869181,76.5675722546087,104.767664780127,75.2109364516492,86.9390533320924
"80",77.143225825732,76.8440094729555,90.9022901156141,75.7507750061729,66.1332575474377,37.1618851994921,54.0498779053255,73.7200524608523,42.015185869181,76.5675722546087,104.767664780127,75.2109364516492,86.9390533320924
"81",77.143225825732,76.8440094729555,93.9213318288864,78.1323976169852,72.9524482277213,37.1618851994921,57.1922313162966,73.7200524608523,42.015185869181,78.9531676338564,104.767664780127,75.2109364516492,86.9390533320924
"82",77.143225825732,76.8440094729555,93.9213318288864,78.1323976169852,77.8661870313887,37.1618851994921,57.1922313162966,73.7200524608523,42.015185869181,78.9531676338564,104.767664780127,75.2109364516492,86.9390533320924
"83",79.4057559260951,76.8440094729555,93.9213318288864,78.1323976169852,77.8661870313887,39.8655193197489,57.1922313162966,73.7200524608523,42.015185869181,81.2060115051642,104.767664780127,75.2109364516492,86.9390533320924
"84",79.4057559260951,79.2821522779972,93.9213318288864,78.1323976169852,77.8661870313887,39.8655193197489,57.1922313162966,73.7200524608523,42.015185869181,81.2060115051642,106.978780275553,75.2109364516492,86.9390533320924
"85",79.4057559260951,82.7110552424074,93.9213318288864,78.1323976169852,77.8661870313887,39.8655193197489,57.1922313162966,73.7200524608523,42.015185869181,81.2060115051642,106.978780275553,75.2109364516492,86.9390533320924
"86",83.0483332293033,82.7110552424074,96.1911070087375,78.1323976169852,90.2351821786812,39.8655193197489,57.1922313162966,78.4277180431427,42.015185869181,81.2060115051642,106.978780275553,81.2065859871781,86.9390533320924
"87",83.0483332293033,82.7110552424074,96.1911070087375,78.1323976169852,90.2351821786812,46.9207721501393,57.1922313162966,78.4277180431427,42.015185869181,81.2060115051642,106.978780275553,81.2065859871781,86.9390533320924
"88",83.0483332293033,82.7110552424074,107.857382773903,82.9855007032957,96.4500911296441,53.7327046055549,57.1922313162966,78.4277180431427,42.015185869181,81.2060115051642,106.978780275553,81.2065859871781,86.9390533320924
"89",83.0483332293033,82.7110552424074,107.857382773903,82.9855007032957,96.4500911296441,58.2634623633673,57.1922313162966,78.4277180431427,42.015185869181,81.2060115051642,106.978780275553,83.5240870786135,86.9390533320924
"90",87.2111801777127,82.7110552424074,107.857382773903,82.9855007032957,96.4500911296441,58.2634623633673,57.1922313162966,81.611562488003,42.015185869181,81.2060115051642,112.005124142334,94.3661757483952,86.9390533320924
"91",87.2111801777127,82.7110552424074,107.857382773903,82.9855007032957,98.903125842912,58.2634623633673,57.1922313162966,84.8575251354438,42.015185869181,81.2060115051642,112.005124142334,94.3661757483952,86.9390533320924
"92",87.2111801777127,82.7110552424074,107.857382773903,96.3356886136862,98.903125842912,58.2634623633673,57.1922313162966,84.8575251354438,50.4065316982957,81.2060115051642,112.005124142334,94.3661757483952,98.4430356214228
"93",90.3413517822797,82.7110552424074,107.857382773903,102.236163656948,104.054399789097,62.4145821763743,57.1922313162966,84.8575251354438,50.4065316982957,83.7635336027826,116.340767043359,108.207216564137,98.4430356214228
"94",90.3413517822797,89.6776751385825,110.432302651739,104.979372024025,113.919087094285,62.4145821763743,60.1472554856338,84.8575251354438,50.4065316982957,83.7635336027826,120.365655976439,108.207216564137,98.4430356214228
"95",90.3413517822797,93.1381923456175,110.432302651739,104.979372024025,113.919087094285,67.2102566294543,60.1472554856338,90.975910784683,50.4065316982957,83.7635336027826,120.365655976439,108.207216564137,98.4430356214228
"96",90.3413517822797,93.1381923456175,110.432302651739,104.979372024025,116.345394534605,67.2102566294543,60.1472554856338,90.975910784683,50.4065316982957,83.7635336027826,120.365655976439,108.207216564137,98.4430356214228
"97",90.3413517822797,93.1381923456175,110.432302651739,104.979372024025,116.345394534605,67.2102566294543,60.1472554856338,90.975910784683,52.6484905936392,83.7635336027826,120.365655976439,108.207216564137,103.802784467298
"98",90.3413517822797,93.1381923456175,110.432302651739,109.436241304838,116.345394534605,67.2102566294543,62.5384160171426,100.290291821551,52.6484905936392,86.2974513051118,120.365655976439,108.207216564137,103.802784467298
"99",90.3413517822797,93.1381923456175,110.432302651739,109.436241304838,116.345394534605,70.3423873540007,62.5384160171426,100.290291821551,52.6484905936392,86.2974513051118,120.365655976439,108.207216564137,103.802784467298
"100",90.3413517822797,93.1381923456175,110.432302651739,109.436241304838,116.345394534605,70.3423873540007,74.8433601865777,105.985047861069,52.6484905936392,86.2974513051118,120.365655976439,110.540611444648,103.802784467298
"101",90.3413517822797,100.820433478835,117.287750472728,109.436241304838,116.345394534605,70.3423873540007,78.7841830698433,105.985047861069,52.6484905936392,86.2974513051118,124.425297561435,110.540611444648,103.802784467298
"102",90.3413517822797,100.820433478835,119.86536614436,109.436241304838,120.324714225463,70.3423873540007,78.7841830698433,105.985047861069,65.1035475334282,86.2974513051118,124.425297561435,110.540611444648,108.34139268783
"103",93.0026205152541,100.820433478835,119.86536614436,109.436241304838,120.324714225463,70.3423873540007,81.4851990680959,116.030490588801,67.4199887431177,88.5063058084436,129.430892072071,110.540611444648,108.34139268783
"104",106.476010080259,100.820433478835,119.86536614436,109.436241304838,120.324714225463,70.3423873540007,81.4851990680959,118.692331556527,67.4199887431177,95.9152215351278,129.430892072071,115.123888860497,108.34139268783
"105",106.476010080259,100.820433478835,119.86536614436,109.436241304838,124.942002427164,70.3423873540007,81.4851990680959,118.692331556527,67.4199887431177,95.9152215351278,135.851909242334,115.123888860497,108.34139268783
"106",106.476010080259,100.820433478835,119.86536614436,109.436241304838,124.942002427164,70.3423873540007,87.5236535113946,118.692331556527,67.4199887431177,95.9152215351278,144.28206792764,131.214566621596,111.912532214314
"107",106.476010080259,100.820433478835,119.86536614436,117.066368127126,124.942002427164,70.3423873540007,89.8107155171459,118.692331556527,67.4199887431177,100.625862171121,144.28206792764,131.214566621596,111.912532214314
"108",109.207571389802,100.820433478835,119.86536614436,117.066368127126,124.942002427164,70.3423873540007,89.8107155171459,118.692331556527,72.4603295161172,103.547376608702,144.28206792764,134.460222185401,111.912532214314
"109",112.910166996731,100.820433478835,119.86536614436,119.748962490064,124.942002427164,72.7093353607305,89.8107155171459,120.976091538252,76.5527330865436,103.547376608702,144.28206792764,134.460222185401,116.671757657995
"110",112.910166996731,103.801274714832,119.86536614436,119.748962490064,124.942002427164,85.2691018159247,89.8107155171459,123.222109506424,76.5527330865436,106.797090523664,150.31311127436,134.460222185401,116.671757657995
"111",116.362118698779,103.801274714832,119.86536614436,119.748962490064,129.020190062122,85.2691018159247,89.8107155171459,123.222109506424,76.5527330865436,106.797090523664,150.31311127436,134.460222185401,123.771155998213
"112",116.362118698779,107.118327782939,119.86536614436,119.748962490064,131.967028637574,88.8688800016109,89.8107155171459,123.222109506424,76.5527330865436,106.797090523664,154.276097668861,134.460222185401,123.771155998213
"113",116.362118698779,109.680804644651,139.860063108545,119.748962490064,136.83170730337,94.9502244688954,89.8107155171459,123.222109506424,76.5527330865436,111.191119465536,158.706257465806,134.460222185401,131.572382740625
"114",118.993691889665,109.680804644651,139.860063108545,119.748962490064,136.83170730337,94.9502244688954,89.8107155171459,123.222109506424,76.5527330865436,111.191119465536,161.321523085099,141.319529622868,131.572382740625
"115",121.276388539532,109.680804644651,143.029803737889,122.290605920326,136.83170730337,94.9502244688954,89.8107155171459,123.222109506424,79.6118418920552,111.191119465536,161.321523085099,141.319529622868,131.572382740625
"116",121.276388539532,114.778829210194,149.711291576273,122.290605920326,144.508459176381,102.797700729078,89.8107155171459,123.222109506424,79.6118418920552,116.123111840302,161.321523085099,141.319529622868,133.957714805352
"117",139.840928215514,114.778829210194,149.711291576273,134.084233526515,144.508459176381,102.797700729078,89.8107155171459,127.680403606912,79.6118418920552,119.386994158191,163.78033508372,141.319529622868,133.957714805352
"118",139.840928215514,122.688674457468,149.711291576273,134.084233526515,144.508459176381,102.797700729078,93.4012678775149,130.547559109535,79.6118418920552,119.386994158191,163.78033508372,145.158165020893,133.957714805352
"119",139.840928215514,122.688674457468,154.207088266562,139.332149555299,144.508459176381,105.908082669135,98.4362114513604,130.547559109535,82.7360950851001,119.386994158191,166.580738072497,145.158165020893,133.957714805352
"120",139.840928215514,125.320085318905,154.207088266562,139.332149555299,146.986445698711,105.908082669135,98.4362114513604,132.807583708732,88.0372396460395,119.386994158191,166.580738072497,145.158165020893,133.957714805352
"121",139.840928215514,125.320085318905,159.255596511984,139.332149555299,151.888855049774,108.168194579304,107.228159162865,132.807583708732,91.5841924822568,119.386994158191,171.165433763989,150.554105304081,136.257968814716
"122",139.840928215514,125.320085318905,159.255596511984,139.332149555299,151.888855049774,108.168194579304,107.228159162865,132.807583708732,91.5841924822568,123.110967636637,171.165433763989,150.554105304081,149.227298779202
"123",139.840928215514,127.76615016741,159.255596511984,143.53562300772,161.410279741181,108.168194579304,109.678807038713,146.727094994478,104.911338276277,133.447160551423,171.165433763989,153.59763490293,156.964268307916
"124",139.840928215514,127.76615016741,167.798500624974,143.53562300772,161.410279741181,108.168194579304,112.734877560885,146.727094994478,104.911338276277,133.447160551423,171.165433763989,153.59763490293,156.964268307916
"125",142.312900873296,127.76615016741,174.954660450962,152.335535759369,161.410279741181,108.168194579304,112.734877560885,161.652320198747,104.911338276277,133.447160551423,171.165433763989,153.59763490293,162.215395336652
"126",142.312900873296,127.76615016741,178.467604143528,152.335535759369,161.410279741181,108.168194579304,112.734877560885,161.652320198747,109.706076619735,133.447160551423,171.165433763989,153.59763490293,164.559886298531
"127",168.175029470223,127.76615016741,178.467604143528,152.335535759369,161.410279741181,112.918746717293,112.734877560885,161.652320198747,114.434889103154,133.447160551423,178.216856834174,153.59763490293,169.73225160996
"128",168.175029470223,127.76615016741,178.467604143528,155.386827251374,171.494341351065,124.434258488594,112.734877560885,164.644454578709,114.434889103154,133.447160551423,180.460405374348,153.59763490293,169.73225160996
"129",168.175029470223,127.76615016741,178.467604143528,155.386827251374,171.494341351065,124.434258488594,112.734877560885,167.580174043479,120.179415047607,133.447160551423,180.460405374348,153.59763490293,171.961566244385
"130",168.175029470223,127.76615016741,178.467604143528,155.386827251374,174.34775207612,124.434258488594,112.734877560885,171.648186362589,122.425191455812,133.447160551423,182.77031936031,153.59763490293,171.961566244385
"131",178.126255031838,131.466762777606,178.467604143528,158.73904796912,176.724939968052,124.434258488594,112.734877560885,176.539930495858,122.425191455812,133.447160551423,182.77031936031,153.59763490293,171.961566244385
"132",185.706673265082,131.466762777606,178.467604143528,158.73904796912,183.078398993186,124.434258488594,114.950780391635,179.247147792302,122.425191455812,142.762112147496,182.77031936031,153.59763490293,171.961566244385
"133",185.706673265082,131.466762777606,178.467604143528,158.73904796912,183.078398993186,124.434258488594,114.950780391635,179.247147792302,122.425191455812,145.204128842456,182.77031936031,153.59763490293,171.961566244385
"134",185.706673265082,133.744734402366,178.467604143528,158.73904796912,183.078398993186,128.693848192391,120.455008237398,184.012536382294,122.425191455812,145.204128842456,182.77031936031,153.59763490293,174.286583568729
"135",185.706673265082,133.744734402366,196.38104307613,158.73904796912,183.078398993186,132.286324505986,120.455008237398,207.075662027415,122.425191455812,145.204128842456,185.198025584379,158.632230484639,186.172063762192
"136",206.105184693503,136.143328996827,196.38104307613,158.73904796912,183.078398993186,138.738881710807,120.455008237398,210.862269870039,122.425191455812,145.204128842456,189.960902794796,158.632230484639,186.172063762192
"137",224.298383850185,136.143328996827,201.343820327419,158.73904796912,183.078398993186,138.738881710807,120.455008237398,210.862269870039,127.628282187785,147.976231345608,202.638791754247,161.6349729246,186.172063762192
"138",230.016213597908,142.575814392074,222.789247251498,158.73904796912,183.078398993186,144.246879522494,120.455008237398,213.585368790427,131.183611044928,147.976231345608,207.569895804465,167.7331717234,186.172063762192
"139",234.114876484889,142.575814392074,222.789247251498,162.771100868591,183.078398993186,144.246879522494,126.976285940307,213.585368790427,131.183611044928,147.976231345608,207.569895804465,167.7331717234,189.862201112596
"140",234.114876484889,145.471498158767,222.789247251498,169.311980599821,183.078398993186,144.246879522494,126.976285940307,213.585368790427,131.183611044928,154.10031410848,211.330686812874,167.7331717234,189.862201112596
"141",234.114876484889,151.041960736645,222.789247251498,172.339886711312,183.078398993186,144.246879522494,147.96368988116,216.862207964741,142.876893318205,154.10031410848,216.039814541194,167.7331717234,189.862201112596
"142",234.114876484889,153.872520109313,222.789247251498,172.339886711312,186.273032563385,144.246879522494,147.96368988116,216.862207964741,142.876893318205,156.303570899346,226.440162246254,170.563260621985,193.466545005416
"143",234.114876484889,153.872520109313,222.789247251498,180.371905837688,186.273032563385,144.246879522494,156.713824511253,216.862207964741,142.876893318205,156.303570899346,226.440162246254,174.248329698427,193.466545005416
"144",234.114876484889,153.872520109313,222.789247251498,182.854201856722,188.726173807229,144.246879522494,156.713824511253,219.188305273671,142.876893318205,156.303570899346,229.986848990032,177.390266541965,193.466545005416
"145",234.114876484889,153.872520109313,225.9451776946,182.854201856722,210.797185207227,144.246879522494,156.713824511253,219.188305273671,150.132003384282,156.303570899346,236.206726277907,183.289757693193,193.466545005416
"146",234.114876484889,166.387180736332,228.399845335036,182.854201856722,210.797185207227,144.246879522494,159.585708983674,233.794695623065,150.132003384282,156.303570899346,236.206726277907,183.289757693193,199.534636952964
"147",238.798469725043,171.778374130179,231.2818790639,182.854201856722,210.797185207227,149.401656619625,159.585708983674,233.794695623065,154.844522231851,159.284738143767,238.622910114419,183.289757693193,199.534636952964
"148",245.432596644567,177.529518821363,231.2818790639,182.854201856722,222.572695553581,158.956283459766,159.585708983674,233.794695623065,154.844522231851,162.477234648619,238.622910114419,183.289757693193,204.861933322542
"149",249.827029729274,183.775874952403,231.2818790639,182.854201856722,225.055374090942,158.956283459766,159.585708983674,233.794695623065,162.048368000017,166.160810859008,238.622910114419,192.527969050113,207.675239379921
"150",253.397651243472,197.789949495401,245.125687319823,182.854201856722,225.055374090942,165.103727610374,161.797943172799,237.058735456487,162.048368000017,170.380630741356,241.730280359439,192.527969050113,207.675239379921
"151",253.397651243472,197.789949495401,258.050368909809,182.854201856722,234.750893290376,177.391151091645,165.534351270227,243.48211871572,162.048368000017,174.165028729447,241.730280359439,192.527969050113,213.344120250973
"152",257.378804872449,197.789949495401,258.050368909809,182.854201856722,234.750893290376,177.391151091645,165.534351270227,247.348356776217,162.048368000017,178.019204001216,241.730280359439,194.878952193338,213.344120250973
"153",257.378804872449,197.789949495401,258.050368909809,182.854201856722,249.338297999152,179.942578738945,165.534351270227,250.362945845411,164.792430691192,178.019204001216,241.730280359439,194.878952193338,217.692143081901
"154",260.572164673903,197.789949495401,258.050368909809,182.854201856722,249.338297999152,179.942578738945,165.534351270227,250.362945845411,178.437878530698,178.019204001216,247.701975109308,194.878952193338,225.867426310624
"155",260.572164673903,200.941683719927,261.381640122912,182.854201856722,249.338297999152,179.942578738945,165.534351270227,250.362945845411,178.437878530698,178.019204001216,247.701975109308,194.878952193338,228.324799116738
"156",260.572164673903,206.56699846145,270.2517796187,182.854201856722,249.338297999152,179.942578738945,165.534351270227,250.362945845411,186.289101284986,178.019204001216,247.701975109308,204.103763955396,228.324799116738
"157",260.572164673903,206.56699846145,270.2517796187,182.854201856722,257.014768594389,182.641584418973,165.534351270227,250.362945845411,188.597663843593,181.920412298933,247.701975109308,204.103763955396,228.324799116738
"158",275.947223597681,206.56699846145,270.2517796187,182.854201856722,261.809393239112,185.392865353755,165.534351270227,265.11705513988,188.597663843593,190.441744284695,247.701975109308,204.103763955396,228.324799116738
"159",275.947223597681,206.56699846145,270.2517796187,182.854201856722,269.966451568766,190.913319891293,165.534351270227,265.11705513988,188.597663843593,190.441744284695,247.701975109308,204.103763955396,228.324799116738
"160",275.947223597681,206.56699846145,270.2517796187,188.889302032036,274.665934990672,195.014399439727,170.771586919555,278.778906079827,188.597663843593,193.295809931869,255.850921997292,212.9063254919,228.324799116738
"161",275.947223597681,206.56699846145,270.2517796187,201.296801119049,274.665934990672,198.04181471996,170.771586919555,278.778906079827,188.597663843593,196.478447086493,255.850921997292,212.9063254919,228.324799116738
"162",275.947223597681,206.56699846145,270.2517796187,204.400919274402,297.606792115995,198.04181471996,177.421465127391,296.70257084153,191.530648702254,199.605326494804,261.519879683724,212.9063254919,228.324799116738
"163",275.947223597681,212.398060322161,286.725652476815,206.669045461522,302.089647994106,198.04181471996,184.708996363689,310.420559498735,191.530648702254,205.119685394261,261.519879683724,219.144334550567,228.324799116738
"164",275.947223597681,212.398060322161,286.725652476815,206.669045461522,304.569958901144,203.640760025119,188.266845214016,310.420559498735,191.530648702254,209.488420184873,261.519879683724,225.634651196525,228.324799116738
"165",275.947223597681,212.398060322161,286.725652476815,206.669045461522,304.569958901144,203.640760025119,188.266845214016,310.420559498735,191.530648702254,209.488420184873,265.201179758449,225.634651196525,237.168796101072
"166",275.947223597681,218.408838456116,286.725652476815,209.639925402713,304.569958901144,203.640760025119,191.458830971073,310.420559498735,191.530648702254,213.493366151013,273.797123070009,225.634651196525,237.168796101072
"167",275.947223597681,220.641153073996,286.725652476815,209.639925402713,304.569958901144,203.640760025119,191.458830971073,310.420559498735,191.530648702254,213.493366151013,273.797123070009,225.634651196525,240.330544042553
"168",275.947223597681,220.641153073996,286.725652476815,209.639925402713,317.190171970835,203.640760025119,191.458830971073,310.420559498735,191.530648702254,213.493366151013,273.797123070009,225.634651196525,240.330544042553
"169",275.947223597681,220.641153073996,286.725652476815,209.639925402713,317.190171970835,203.640760025119,194.079563649893,310.420559498735,196.028841062994,213.493366151013,273.797123070009,225.634651196525,240.330544042553
"170",275.947223597681,223.228939456022,286.725652476815,209.639925402713,319.706005539197,207.804483287283,194.079563649893,310.420559498735,203.219225598855,213.493366151013,273.797123070009,225.634651196525,240.330544042553
"171",285.893576082223,223.228939456022,286.725652476815,212.088978613485,326.685766041933,212.896228915954,194.079563649893,310.420559498735,203.219225598855,213.493366151013,273.797123070009,230.806827846622,240.330544042553
"172",285.893576082223,223.228939456022,300.879774041976,214.871130395897,329.567423486579,212.896228915954,194.079563649893,310.420559498735,203.219225598855,232.088673312594,282.326341142712,230.806827846622,240.330544042553
"173",285.893576082223,228.420487084852,300.879774041976,214.871130395897,329.567423486579,212.896228915954,194.079563649893,310.420559498735,203.219225598855,239.922385005966,282.326341142712,235.688295693588,240.330544042553
"174",285.893576082223,237.091545998691,300.879774041976,214.871130395897,329.567423486579,212.896228915954,194.079563649893,310.420559498735,203.219225598855,244.696659291259,282.326341142712,235.688295693588,246.463221430628
"175",285.893576082223,241.035345543077,300.879774041976,218.838744330348,336.681628236041,212.896228915954,194.079563649893,310.420559498735,206.786233603625,244.696659291259,282.326341142712,238.984044688426,246.463221430628
"176",298.797449531135,241.035345543077,304.569615817199,221.054115849176,336.681628236041,212.896228915954,201.941082335097,313.634215431101,206.786233603625,265.598524696464,282.326341142712,238.984044688426,252.517592841765
"177",301.138199979233,241.035345543077,308.809503255943,236.39180702282,348.079592621948,212.896228915954,201.941082335097,313.634215431101,206.786233603625,265.598524696464,282.326341142712,238.984044688426,257.834253924612
"178",301.138199979233,241.035345543077,308.809503255943,239.323940993621,351.142446302887,212.896228915954,201.941082335097,313.634215431101,206.786233603625,265.598524696464,282.326341142712,238.984044688426,257.834253924612
"179",301.138199979233,241.035345543077,312.150581690243,239.323940993621,351.142446302887,215.450385383531,201.941082335097,313.634215431101,212.713775855175,265.598524696464,282.326341142712,238.984044688426,257.834253924612
"180",301.138199979233,241.035345543077,317.556320052085,239.323940993621,351.142446302887,215.450385383531,201.941082335097,313.634215431101,223.292966551234,265.598524696464,282.326341142712,238.984044688426,257.834253924612
"181",303.410204467218,241.035345543077,324.235435365392,247.192456937348,351.142446302887,215.450385383531,201.941082335097,329.572864905005,227.240048371035,265.598524696464,282.326341142712,238.984044688426,257.834253924612
"182",303.410204467218,245.270067587838,324.235435365392,247.192456937348,351.142446302887,215.450385383531,201.941082335097,329.572864905005,232.810158659177,265.598524696464,282.326341142712,238.984044688426,264.35326391468
"183",303.410204467218,245.270067587838,324.235435365392,255.575877921877,351.142446302887,215.450385383531,201.941082335097,329.572864905005,236.536775799946,265.598524696464,282.326341142712,238.984044688426,267.386112330497
"184",310.953156452486,245.270067587838,327.059907350457,255.575877921877,351.142446302887,217.794973971932,207.954291986071,329.572864905005,241.304932556397,265.598524696464,282.326341142712,248.529112728811,267.386112330497
"185",310.953156452486,248.163314458681,329.306685164893,260.481051667544,353.395443212295,217.794973971932,225.667485343406,336.053087182162,241.304932556397,274.219394146411,282.326341142712,251.596387164479,267.386112330497
"186",323.563905205194,248.163314458681,329.306685164893,260.481051667544,353.395443212295,217.794973971932,233.430383161295,336.053087182162,241.304932556397,279.395902594637,282.326341142712,254.67210665528,267.386112330497
"187",323.563905205194,248.163314458681,344.58269866484,273.35034875764,353.395443212295,222.203528350128,233.430383161295,336.053087182162,241.304932556397,281.892676420872,282.326341142712,265.470765914252,267.386112330497
"188",323.563905205194,259.201150409183,344.58269866484,273.35034875764,353.395443212295,222.203528350128,240.567388025634,336.053087182162,243.855545125481,281.892676420872,287.448069751753,265.470765914252,267.386112330497
"189",326.153337755122,263.39729424098,344.58269866484,273.35034875764,353.395443212295,222.203528350128,240.567388025634,336.053087182162,243.855545125481,281.892676420872,287.448069751753,265.470765914252,267.386112330497
"190",326.153337755122,271.894641314371,344.58269866484,292.707546331199,358.365256531996,222.203528350128,243.852583756624,338.619648259399,249.53812236034,287.71239123138,296.4966471103,265.470765914252,270.462340018127
"191",326.153337755122,271.894641314371,349.289455871877,296.985830027784,369.37805278652,222.203528350128,243.852583756624,340.91882422669,249.53812236034,287.71239123138,299.439652582058,269.618665621044,270.462340018127
"192",333.8759144128,271.894641314371,349.289455871877,296.985830027784,369.37805278652,222.203528350128,243.852583756624,340.91882422669,249.53812236034,287.71239123138,299.439652582058,274.961893316546,270.462340018127
"193",333.8759144128,271.894641314371,349.289455871877,296.985830027784,369.37805278652,222.203528350128,243.852583756624,343.238398851639,252.98312882914,291.772198761589,299.439652582058,274.961893316546,277.928582425646
"194",333.8759144128,281.843884194576,349.289455871877,296.985830027784,373.838247384783,222.203528350128,243.852583756624,343.238398851639,252.98312882914,291.772198761589,302.800589791899,274.961893316546,277.928582425646
"195",333.8759144128,281.843884194576,349.289455871877,305.5705000566,377.129248694492,225.216550176071,253.026237515265,343.238398851639,252.98312882914,291.772198761589,302.800589791899,274.961893316546,280.837015816578
"196",339.845177642217,289.891675229314,352.03213029433,305.5705000566,377.129248694492,235.139900419769,265.951360866359,343.238398851639,252.98312882914,291.772198761589,302.800589791899,274.961893316546,280.837015816578
"197",339.845177642217,289.891675229314,352.03213029433,308.242300678372,377.129248694492,235.139900419769,265.951360866359,346.129226155938,256.185394050791,291.772198761589,302.800589791899,274.961893316546,286.490046701037
"198",339.845177642217,292.351102050546,352.03213029433,308.242300678372,380.326273260079,235.139900419769,273.103451542904,353.423034352342,258.420002181391,291.772198761589,302.800589791899,274.961893316546,289.690031204542
"199",345.150812324262,292.351102050546,358.969535522203,314.081410566242,380.326273260079,235.139900419769,273.103451542904,356.149737601879,258.420002181391,291.772198761589,302.800589791899,278.821640113414,298.814719951015
"200",347.720162617916,292.351102050546,358.969535522203,314.081410566242,386.299786331882,235.139900419769,273.103451542904,358.473408473833,260.759623331239,296.496663297993,302.800589791899,281.804795478832,298.814719951015
"201",347.720162617916,300.194825346693,365.123862250048,314.081410566242,386.299786331882,238.589587394007,282.219767637541,360.980345385766,265.035494001994,296.496663297993,317.307571409401,281.804795478832,302.178788167441
"202",347.720162617916,300.194825346693,368.421716656842,317.445974722278,386.299786331882,238.589587394007,290.449639445291,360.980345385766,265.035494001994,296.496663297993,322.569669523823,281.804795478832,302.178788167441
"203",347.720162617916,300.194825346693,372.552887015783,317.445974722278,386.299786331882,244.708970928666,306.530075112175,360.980345385766,267.418398494,296.496663297993,330.021597555875,290.157824180321,305.779751353183
"204",347.720162617916,300.194825346693,372.552887015783,320.17524500524,386.299786331882,244.708970928666,310.96095959064,360.980345385766,267.418398494,296.496663297993,339.983512076633,290.157824180321,310.304958972333
"205",347.720162617916,304.514772802471,372.552887015783,324.999004012258,389.399981627121,244.708970928666,314.225627523477,364.33299975836,267.418398494,296.496663297993,339.983512076633,297.66740268448,310.304958972333
"206",347.720162617916,304.514772802471,389.207677033029,324.999004012258,392.039184647916,247.453949622027,319.306027086437,364.33299975836,271.232311133102,298.957372459271,342.731904932854,300.674400795637,310.304958972333
"207",353.520701323573,304.514772802471,389.207677033029,324.999004012258,394.671216342463,247.453949622027,331.845160628196,372.278909893873,271.232311133102,298.957372459271,342.731904932854,302.901520567305,310.304958972333
"208",353.520701323573,304.514772802471,391.798427007737,324.999004012258,407.353519940414,247.453949622027,331.845160628196,384.468314298383,273.726578700958,298.957372459271,348.94749119134,302.901520567305,310.304958972333
"209",353.520701323573,304.514772802471,391.798427007737,324.999004012258,409.63785893138,247.453949622027,357.028808579893,384.468314298383,278.504496196038,298.957372459271,348.94749119134,310.413224523437,321.380032463225
"210",353.520701323573,304.514772802471,391.798427007737,324.999004012258,409.63785893138,247.453949622027,357.028808579893,386.978875730105,278.504496196038,298.957372459271,348.94749119134,316.089734327892,321.380032463225
"211",353.520701323573,304.514772802471,391.798427007737,327.515656733316,413.446184647831,263.35611419609,357.028808579893,391.816110668592,278.504496196038,298.957372459271,348.94749119134,318.91826861972,321.380032463225
"212",353.520701323573,313.938481831064,410.310210977691,327.515656733316,413.446184647831,263.35611419609,365.412026819533,394.089758959429,278.504496196038,304.8030809897,348.94749119134,318.91826861972,324.464128528057
"213",353.520701323573,313.938481831064,410.310210977691,329.769805250135,413.446184647831,270.801817140281,365.412026819533,401.246756498745,278.504496196038,318.220133010091,348.94749119134,321.927898537837,324.464128528057
"214",353.520701323573,328.598230183193,410.310210977691,329.769805250135,422.328758323325,273.502882409519,365.412026819533,401.246756498745,281.119667562046,318.220133010091,353.276142840788,324.732822016088,324.464128528057
"215",353.520701323573,332.145527021922,412.647110301699,332.787550453605,422.328758323325,273.502882409519,368.975998605306,401.246756498745,284.047809777369,318.220133010091,360.442225861037,324.732822016088,324.464128528057
"216",353.520701323573,332.145527021922,412.647110301699,356.477191879343,430.341950464088,273.502882409519,382.207563065693,406.903135959013,288.431973972024,321.359108093662,360.442225861037,330.083547330278,324.464128528057
"217",355.764452923031,332.145527021922,415.039278632518,356.477191879343,430.341950464088,276.727134353261,399.067464635371,406.903135959013,296.537117060126,321.359108093662,363.21093749698,330.083547330278,324.464128528057
"218",364.18282791312,348.667629463397,418.191192213579,363.344679942518,430.341950464088,276.727134353261,410.781654066523,406.903135959013,307.556062585156,321.359108093662,363.21093749698,335.671920317494,324.464128528057
"219",364.18282791312,362.95037125828,418.191192213579,363.344679942518,430.341950464088,276.727134353261,410.781654066523,409.185622829124,311.208240481383,321.359108093662,365.552354120896,338.478328214743,327.093360272101
"220",374.725045399721,368.05515879393,418.191192213579,363.344679942518,430.341950464088,276.727134353261,425.968991896371,409.185622829124,313.935305051763,321.359108093662,365.552354120896,338.478328214743,327.093360272101
"221",377.277323378976,368.05515879393,418.191192213579,363.344679942518,430.341950464088,280.176663916207,425.968991896371,409.185622829124,313.935305051763,321.359108093662,368.150804022451,343.117215993297,327.093360272101
"222",377.277323378976,371.188846709499,418.191192213579,371.931072330533,430.341950464088,282.571396498543,425.968991896371,409.185622829124,317.519383195496,321.359108093662,370.394934700598,343.117215993297,327.093360272101
"223",377.277323378976,373.581244403248,418.191192213579,371.931072330533,430.341950464088,287.051779418338,447.197270487461,409.185622829124,317.519383195496,321.359108093662,370.394934700598,353.590404512426,327.093360272101
"224",377.277323378976,373.581244403248,418.191192213579,371.931072330533,430.341950464088,287.051779418338,449.431231577688,409.185622829124,320.518962505189,321.359108093662,373.151502814936,353.590404512426,327.093360272101
"225",377.277323378976,373.581244403248,418.191192213579,374.396674251818,430.341950464088,293.442983105983,449.431231577688,409.185622829124,320.518962505189,325.805120011998,373.151502814936,353.590404512426,327.093360272101
"226",380.92533649173,373.581244403248,418.191192213579,384.010986108624,430.341950464088,293.442983105983,449.431231577688,409.185622829124,320.518962505189,325.805120011998,373.151502814936,371.657587106845,327.093360272101
"227",380.92533649173,373.581244403248,420.422667219908,397.681222201645,435.801088807431,293.442983105983,449.431231577688,428.82354162674,320.518962505189,325.805120011998,377.271103718685,373.940473308506,333.264515522621
"228",383.805603009399,373.581244403248,420.422667219908,397.681222201645,435.801088807431,296.958909611394,449.431231577688,428.82354162674,320.518962505189,325.805120011998,387.622838505182,393.967590560835,333.264515522621
"229",383.805603009399,376.599137005666,426.541805465336,397.681222201645,439.53266569564,307.615869332064,455.018224807415,428.82354162674,327.069617599471,343.784584651976,387.622838505182,393.967590560835,339.811087535985
"230",383.805603009399,376.599137005666,439.908286832456,397.681222201645,439.53266569564,307.615869332064,455.018224807415,428.82354162674,327.069617599471,343.784584651976,390.843271847844,393.967590560835,342.408877285936
